<?xml version="1.0" encoding="utf-8"?>
<odoo>
    <!-- Website service desk groups -->
    <record id="group_service_desk_website_user" model="res.groups">
        <field name="name">Service Desk Website user</field>
        <field name="category_id" ref="base.module_category_service_desk"/>
        <field name="comment">Website users of service desk</field>
        <field name="implied_ids"
               eval="[(4, ref('generic_request.group_request_user_implicit'))]"/>
    </record>
    <record id="group_service_desk_website_user_advanced" model="res.groups">
        <field name="name">Service Desk Website user (Advanced)</field>
        <field name="category_id" ref="base.module_category_service_desk"/>
        <field name="comment">Website advanced users of service desk. Users in this group can create requests with request types and categories they are subscribed for, even if these types and categories not website published.</field>
        <field name="implied_ids"
               eval="[(4, ref('group_service_desk_website_user'))]"/>
    </record>
    <record id="group_service_desk_website_user_all_requests" model="res.groups">
        <field name="name">Service Desk Website user (All requests)</field>
        <field name="category_id" ref="base.module_category_service_desk"/>
        <field name="comment">Users in this groups can see all requests in system, but still not have access to internal UI.</field>
    </record>

    <!-- Autmaticaly add Service Desk Website User to all employees and portal users -->
    <record id="base.group_portal" model="res.groups">
        <field name="implied_ids"
               eval="[(4, ref('group_service_desk_website_user'))]"/>
    </record>
    <record id="base.group_user" model="res.groups">
        <field name="implied_ids"
               eval="[(4, ref('group_service_desk_website_user'))]"/>
    </record>
    <record id="base.group_public" model="res.groups">
        <field name="implied_ids"
               eval="[(4, ref('group_service_desk_website_user'))]"/>
    </record>

    <!-- Define access rules for website service desk users -->
    <record id="rule_wsd_category_user" model="ir.rule">
        <field name="name">Website Service Desk User: request categories</field>
        <field name="model_id" ref="generic_request.model_request_category"/>
        <field name="domain_force">[
            '|', ('message_partner_ids', 'child_of', user.commercial_partner_id.id),
                 ('website_published', '=', True),
        ]</field>
        <field name="groups" eval="[(4, ref('group_service_desk_website_user'))]"/>
        <field eval="0" name="perm_unlink"/>
        <field eval="0" name="perm_write"/>
        <field eval="1" name="perm_read"/>
        <field eval="0" name="perm_create"/>
    </record>
    <record id="rule_wsd_type_user" model="ir.rule">
        <field name="name">Website Service Desk User: request types</field>
        <field name="model_id" ref="generic_request.model_request_type"/>
        <field name="domain_force">[
            '|', ('message_partner_ids', 'child_of', user.commercial_partner_id.id),
                 ('website_published', '=', True),
        ]</field>
        <field name="groups" eval="[(4, ref('group_service_desk_website_user'))]"/>
        <field eval="0" name="perm_unlink"/>
        <field eval="0" name="perm_write"/>
        <field eval="1" name="perm_read"/>
        <field eval="0" name="perm_create"/>
    </record>
    <record id="rule_wsd_request_user" model="ir.rule">
        <field name="name">Website Service Desk User: User requests</field>
        <field name="model_id" ref="generic_request.model_request_request"/>
        <field name="domain_force">[
            '|', '|', '|', ('message_partner_ids', 'child_of', user.commercial_partner_id.id),
                           ('partner_id', 'child_of', user.commercial_partner_id.id),
                           ('user_id', '=', user.id),
                           ('created_by_id', '=', user.id),
        ]</field>
        <field name="groups" eval="[(4, ref('group_service_desk_website_user'))]"/>
        <field eval="0" name="perm_unlink"/>
        <field eval="1" name="perm_write"/>
        <field eval="1" name="perm_read"/>
        <field eval="1" name="perm_create"/>
    </record>
    <record id="rule_wsd_request_user_all_requests" model="ir.rule">
        <field name="name">Website Service Desk User: All requests</field>
        <field name="model_id" ref="generic_request.model_request_request"/>
        <field name="domain_force">[(1, '=', 1)]</field>
        <field name="groups" eval="[(4, ref('group_service_desk_website_user_all_requests'))]"/>
        <field eval="0" name="perm_unlink"/>
        <field eval="0" name="perm_write"/>
        <field eval="1" name="perm_read"/>
        <field eval="0" name="perm_create"/>
    </record>
</odoo>
