"id","name","model_id:id","group_id:id","perm_read","perm_write","perm_create","perm_unlink"
"access_generic_tag_all","generic_tag all","model_generic_tag",,1,0,0,0
"access_generic_tag_model_all","generic_tag_model all","model_generic_tag_model",,1,0,0,0
"access_generic_tag_category_all","generic_tag_category all","model_generic_tag_category",,1,0,0,0

"access_generic_tag_manager","generic_tag manager","model_generic_tag","generic_tag.group_tags_manager",1,1,1,1
"access_generic_tag_model_manager","generic_tag_model manager","model_generic_tag_model","generic_tag.group_tags_manager",1,1,1,1
"access_generic_tag_category_manager","generic_tag_category manager","model_generic_tag_category","generic_tag.group_tags_manager",1,1,1,1
