<?xml version="1.0" encoding="utf-8"?>
<odoo>
    <record id="request_type_generic" model="request.type">
        <field name="name">Generic Question</field>
        <field name="code">saas_generic_question</field>
        <field name="help_html"><![CDATA[
            This is request type for generic questions related to our SaaS service
            Use this request type if you cannot find exact request type for your question
        ]]></field>
        <field name="description">Generic questions about anything</field>
        <field name="note_html"><![CDATA[
            <p align="left">There you should ask a questions related to our SaaS service.</p>
        ]]></field>
        <field name="category_ids" eval="[(4, ref('request_category_demo_website_support'), 0)]"/>
        <field name="kind_id" ref="request_kind_demo_wsd"/>
        <field name="website_published" eval="True"/>
    </record>

    <!-- Generic request type stages -->
    <record id="request_stage_type_generic_draft" model="request.stage">
        <field name="sequence" eval="1"/>
        <field name="name">Draft</field>
        <field name="code">draft</field>
        <field name="description">Request is in stage Draft</field>
        <field name="request_type_id" ref="request_type_generic"/>
    </record>
    <record id="request_stage_type_generic_sent" model="request.stage">
        <field name="sequence" eval="2"/>
        <field name="name">Sent</field>
        <field name="code">send</field>
        <field name="description">Request is in stage Sent</field>
        <field name="request_type_id" ref="request_type_generic"/>
    </record>
    <record id="request_stage_type_generic_closed" model="request.stage">
        <field name="sequence" eval="3"/>
        <field name="name">Closed</field>
        <field name="code">closed</field>
        <field name="description">Request is closed</field>
        <field name="closed" eval="True"/>
        <field name="request_type_id" ref="request_type_generic"/>
    </record>

    <!-- Generic request type routes -->
    <record id="request_stage_route_type_generic_draft_to_sent"
            model="request.stage.route">
        <field name="name">Send</field>
        <field name="stage_from_id" ref="request_stage_type_generic_draft"/>
        <field name="stage_to_id" ref="request_stage_type_generic_sent"/>
        <field name="request_type_id" ref="request_type_generic"/>
        <field name="website_published" eval="True"/>
    </record>
    <record id="request_stage_route_type_generic_sent_to_closed"
            model="request.stage.route">
        <field name="name">Close</field>
        <field name="stage_from_id" ref="request_stage_type_generic_sent"/>
        <field name="stage_to_id" ref="request_stage_type_generic_closed"/>
        <field name="request_type_id" ref="request_type_generic"/>
    </record>

    <record id="demo_request_request_generic_question_1" model="request.request">
        <field name="request_text"><![CDATA[
            <h1>Hi! What i have to do here?</h1>
        ]]></field>
        <field name="type_id" ref="request_type_generic"/>
        <field name="created_by_id" ref="user_demo_service_desk_website"/>
        <field name="create_uid" ref="user_demo_service_desk_website"/>
    </record>
</odoo>
